-- phpMyAdmin SQL Dump
-- version 5.2.1
-- https://www.phpmyadmin.net/
--
-- 主機： 127.0.0.1
-- 產生時間： 2024 年 11 月 25 日 10:26
-- 伺服器版本： 10.4.28-MariaDB
-- PHP 版本： 8.2.4

SET SQL_MODE = "NO_AUTO_VALUE_ON_ZERO";
START TRANSACTION;
SET time_zone = "+00:00";


/*!40101 SET @OLD_CHARACTER_SET_CLIENT=@@CHARACTER_SET_CLIENT */;
/*!40101 SET @OLD_CHARACTER_SET_RESULTS=@@CHARACTER_SET_RESULTS */;
/*!40101 SET @OLD_COLLATION_CONNECTION=@@COLLATION_CONNECTION */;
/*!40101 SET NAMES utf8mb4 */;

--
-- 資料庫： `lottry`
--

-- --------------------------------------------------------

--
-- 資料表結構 `admins`
--

CREATE TABLE `admins` (
  `id` int(11) NOT NULL,
  `username` varchar(50) NOT NULL,
  `password` varchar(255) NOT NULL,
  `createdAt` datetime DEFAULT current_timestamp(),
  `updatedAt` datetime DEFAULT current_timestamp() ON UPDATE current_timestamp()
) ENGINE=InnoDB DEFAULT CHARSET=utf8mb4 COLLATE=utf8mb4_unicode_ci;

--
-- 傾印資料表的資料 `admins`
--

INSERT INTO `admins` (`id`, `username`, `password`, `createdAt`, `updatedAt`) VALUES
(1, 'admin', 'admin123', '2024-11-24 23:30:57', '2024-11-24 23:30:57');

-- --------------------------------------------------------

--
-- 資料表結構 `categories`
--

CREATE TABLE `categories` (
  `id` int(11) NOT NULL,
  `name` varchar(20) NOT NULL,
  `defaultProbability` decimal(5,4) NOT NULL,
  `createdAt` datetime DEFAULT current_timestamp(),
  `updatedAt` datetime DEFAULT current_timestamp() ON UPDATE current_timestamp(),
  `color` varchar(7) DEFAULT '#666666'
) ENGINE=InnoDB DEFAULT CHARSET=utf8mb4 COLLATE=utf8mb4_unicode_ci;

--
-- 傾印資料表的資料 `categories`
--

INSERT INTO `categories` (`id`, `name`, `defaultProbability`, `createdAt`, `updatedAt`, `color`) VALUES
(1, 'LEGENDARY', 0.0500, '2024-11-24 23:30:57', '2024-11-25 11:24:51', '#ffd700'),
(2, 'EPIC', 0.1500, '2024-11-24 23:30:57', '2024-11-25 11:21:31', '#9c27b0'),
(3, 'RARE', 0.3000, '2024-11-24 23:30:57', '2024-11-25 11:21:31', '#2196F3'),
(4, 'COMMON', 0.5000, '2024-11-24 23:30:57', '2024-11-25 11:26:31', '#9e9e9e'),
(5, '神話', 0.0100, '2024-11-25 14:01:48', '2024-11-25 14:17:02', '#ff0000');

-- --------------------------------------------------------

--
-- 資料表結構 `draw_history`
--

CREATE TABLE `draw_history` (
  `id` int(11) NOT NULL,
  `userId` int(11) NOT NULL,
  `itemName` varchar(100) NOT NULL,
  `category` varchar(20) NOT NULL,
  `drawTime` datetime DEFAULT current_timestamp()
) ENGINE=InnoDB DEFAULT CHARSET=utf8mb4 COLLATE=utf8mb4_unicode_ci;

--
-- 傾印資料表的資料 `draw_history`
--

INSERT INTO `draw_history` (`id`, `userId`, `itemName`, `category`, `drawTime`) VALUES
(1, 1, '史詩盔甲', 'EPIC', '2024-11-25 00:45:55'),
(2, 1, '皮革護甲', 'COMMON', '2024-11-25 00:46:04'),
(3, 1, '治療藥水', 'RARE', '2024-11-25 00:47:57'),
(4, 1, '小型藥水', 'COMMON', '2024-11-25 00:47:57'),
(5, 1, '魔法卷軸', 'RARE', '2024-11-25 00:47:57'),
(6, 1, '小型藥水', 'COMMON', '2024-11-25 00:47:57'),
(7, 1, '木劍', 'COMMON', '2024-11-25 00:47:57'),
(8, 1, '符文護盾', 'EPIC', '2024-11-25 00:47:57'),
(9, 1, '稀有戒指', 'RARE', '2024-11-25 00:47:57'),
(10, 1, '木劍', 'COMMON', '2024-11-25 00:47:57'),
(11, 1, '木劍', 'COMMON', '2024-11-25 00:47:57'),
(12, 1, '龍之心', 'LEGENDARY', '2024-11-25 00:47:57'),
(13, 1, '皮革護甲', 'COMMON', '2024-11-25 00:48:05'),
(14, 1, '小型藥水', 'COMMON', '2024-11-25 00:48:05'),
(15, 1, '小型藥水', 'COMMON', '2024-11-25 00:48:05'),
(16, 1, '符文護盾', 'EPIC', '2024-11-25 00:48:05'),
(17, 1, '魔法法杖', 'EPIC', '2024-11-25 00:48:05'),
(18, 1, '皮革護甲', 'COMMON', '2024-11-25 00:49:38'),
(19, 1, '史詩盔甲', 'EPIC', '2024-11-25 00:49:44'),
(20, 1, '皮革護甲', 'COMMON', '2024-11-25 00:49:44'),
(21, 1, '神秘寶石', 'LEGENDARY', '2024-11-25 00:49:44'),
(22, 1, '木劍', 'COMMON', '2024-11-25 00:49:44'),
(23, 1, '小型藥水', 'COMMON', '2024-11-25 00:49:44'),
(24, 1, '治療藥水', 'RARE', '2024-11-25 00:49:44'),
(25, 1, '魔法卷軸', 'RARE', '2024-11-25 00:49:44'),
(26, 1, '魔法卷軸', 'RARE', '2024-11-25 00:49:44'),
(27, 1, '小型藥水', 'COMMON', '2024-11-25 00:49:44'),
(28, 1, '小型藥水', 'COMMON', '2024-11-25 00:49:44'),
(29, 1, '木劍', 'COMMON', '2024-11-25 00:54:47'),
(30, 1, '魔法卷軸', 'RARE', '2024-11-25 00:54:47'),
(31, 1, '小型藥水', 'COMMON', '2024-11-25 00:54:47'),
(32, 1, '木劍', 'COMMON', '2024-11-25 00:54:47'),
(33, 1, '神秘寶石', 'LEGENDARY', '2024-11-25 00:54:47'),
(34, 1, '小型藥水', 'COMMON', '2024-11-25 00:54:47'),
(35, 1, '稀有戒指', 'RARE', '2024-11-25 00:54:47'),
(36, 1, '皮革護甲', 'COMMON', '2024-11-25 00:54:47'),
(37, 1, '木劍', 'COMMON', '2024-11-25 00:54:47'),
(38, 1, '皮革護甲', 'COMMON', '2024-11-25 00:54:47'),
(39, 1, '皮革護甲', 'COMMON', '2024-11-25 01:12:18'),
(40, 1, '皮革護甲', 'COMMON', '2024-11-25 01:12:18'),
(41, 1, '稀有戒指', 'RARE', '2024-11-25 01:12:18'),
(42, 1, '皮革護甲', 'COMMON', '2024-11-25 01:12:18'),
(43, 1, '皮革護甲', 'COMMON', '2024-11-25 01:12:18'),
(44, 1, '木劍', 'COMMON', '2024-11-25 01:12:27'),
(45, 1, '治療藥水', 'RARE', '2024-11-25 01:12:27'),
(46, 1, '皮革護甲', 'COMMON', '2024-11-25 01:12:27'),
(47, 1, '魔法卷軸', 'RARE', '2024-11-25 01:12:27'),
(48, 1, '皮革護甲', 'COMMON', '2024-11-25 01:12:27'),
(49, 1, '小型藥水', 'COMMON', '2024-11-25 01:12:27'),
(50, 1, '魔法卷軸', 'RARE', '2024-11-25 01:12:27'),
(51, 1, '皮革護甲', 'COMMON', '2024-11-25 01:12:27'),
(52, 1, '魔法法杖', 'EPIC', '2024-11-25 01:12:27'),
(53, 1, '皮革護甲', 'COMMON', '2024-11-25 01:12:27'),
(54, 1, '木劍', 'COMMON', '2024-11-25 10:18:52'),
(55, 1, '稀有戒指', 'RARE', '2024-11-25 10:18:52'),
(56, 1, '皮革護甲', 'COMMON', '2024-11-25 10:18:52'),
(57, 1, '小型藥水', 'COMMON', '2024-11-25 10:18:52'),
(58, 1, '小型藥水', 'COMMON', '2024-11-25 10:18:52'),
(59, 1, '龍之心', 'LEGENDARY', '2024-11-25 10:18:52'),
(60, 1, '稀有戒指', 'RARE', '2024-11-25 10:18:52'),
(61, 1, '治療藥水', 'RARE', '2024-11-25 10:18:52'),
(62, 1, '木劍', 'COMMON', '2024-11-25 10:18:52'),
(63, 1, '魔法法杖', 'EPIC', '2024-11-25 10:18:52'),
(64, 1, '皮革護甲', 'COMMON', '2024-11-25 10:19:13'),
(65, 1, '治療藥水', 'RARE', '2024-11-25 10:19:13'),
(66, 1, '稀有戒指', 'RARE', '2024-11-25 10:19:13'),
(67, 1, '龍之心', 'LEGENDARY', '2024-11-25 10:19:13'),
(68, 1, '小型藥水', 'COMMON', '2024-11-25 10:19:13'),
(69, 1, '稀有戒指', 'RARE', '2024-11-25 10:19:13'),
(70, 1, '皮革護甲', 'COMMON', '2024-11-25 10:19:13'),
(71, 1, '傳說之劍', 'LEGENDARY', '2024-11-25 10:19:13'),
(72, 1, '木劍', 'COMMON', '2024-11-25 10:19:13'),
(73, 1, '魔法卷軸', 'RARE', '2024-11-25 10:19:13'),
(74, 1, '稀有戒指', 'RARE', '2024-11-25 10:26:52'),
(75, 1, '皮革護甲', 'COMMON', '2024-11-25 10:33:55'),
(76, 1, '皮革護甲', 'COMMON', '2024-11-25 10:33:55'),
(77, 1, '魔法卷軸', 'RARE', '2024-11-25 10:33:55'),
(78, 1, '木劍', 'COMMON', '2024-11-25 10:33:55'),
(79, 1, '稀有戒指', 'RARE', '2024-11-25 10:33:55'),
(80, 1, '神秘寶石', 'LEGENDARY', '2024-11-25 10:33:55'),
(81, 1, '木劍', 'COMMON', '2024-11-25 10:33:55'),
(82, 1, '稀有戒指', 'RARE', '2024-11-25 10:33:55'),
(83, 1, '木劍', 'COMMON', '2024-11-25 10:33:55'),
(84, 1, '史詩盔甲', 'EPIC', '2024-11-25 10:33:55'),
(85, 1, '史詩盔甲', 'EPIC', '2024-11-25 10:47:35'),
(86, 1, '傳說之劍', 'LEGENDARY', '2024-11-25 10:48:13'),
(87, 1, '魔法卷軸', 'RARE', '2024-11-25 10:51:42'),
(88, 1, '皮革護甲', 'COMMON', '2024-11-25 10:51:42'),
(89, 1, '皮革護甲', 'COMMON', '2024-11-25 10:51:42'),
(90, 1, '皮革護甲', 'COMMON', '2024-11-25 10:51:42'),
(91, 1, '木劍', 'COMMON', '2024-11-25 10:51:42'),
(92, 1, '小型藥水', 'COMMON', '2024-11-25 10:52:36'),
(93, 1, '皮革護甲', 'COMMON', '2024-11-25 10:52:36'),
(94, 1, '皮革護甲', 'COMMON', '2024-11-25 10:52:36'),
(95, 1, '魔法卷軸', 'RARE', '2024-11-25 10:52:36'),
(96, 1, '小型藥水', 'COMMON', '2024-11-25 10:52:36'),
(97, 1, '小型藥水', 'COMMON', '2024-11-25 10:52:36'),
(98, 1, '皮革護甲', 'COMMON', '2024-11-25 10:52:36'),
(99, 1, '木劍', 'COMMON', '2024-11-25 10:52:36'),
(100, 1, '木劍', 'COMMON', '2024-11-25 10:52:36'),
(101, 1, '木劍', 'COMMON', '2024-11-25 10:52:36'),
(102, 1, '小型藥水', 'COMMON', '2024-11-25 10:53:24'),
(103, 1, '木劍', 'COMMON', '2024-11-25 10:53:24'),
(104, 1, '皮革護甲', 'COMMON', '2024-11-25 10:53:24'),
(105, 1, '木劍', 'COMMON', '2024-11-25 10:53:24'),
(106, 1, '治療藥水', 'RARE', '2024-11-25 10:53:24'),
(107, 1, '小型藥水', 'COMMON', '2024-11-25 10:54:34'),
(108, 1, '魔法法杖', 'EPIC', '2024-11-25 10:54:34'),
(109, 1, '稀有戒指', 'RARE', '2024-11-25 10:54:34'),
(110, 1, '治療藥水', 'RARE', '2024-11-25 10:54:34'),
(111, 1, '魔法卷軸', 'RARE', '2024-11-25 10:54:34'),
(112, 1, '皮革護甲', 'COMMON', '2024-11-25 10:54:34'),
(113, 1, '木劍', 'COMMON', '2024-11-25 10:54:34'),
(114, 1, '皮革護甲', 'COMMON', '2024-11-25 10:54:34'),
(115, 1, '史詩盔甲', 'EPIC', '2024-11-25 10:54:34'),
(116, 1, '治療藥水', 'RARE', '2024-11-25 10:54:34'),
(117, 1, '治療藥水', 'RARE', '2024-11-25 10:55:51'),
(118, 1, '稀有戒指', 'RARE', '2024-11-25 10:55:51'),
(119, 1, '皮革護甲', 'COMMON', '2024-11-25 10:55:51'),
(120, 1, '史詩盔甲', 'EPIC', '2024-11-25 10:55:51'),
(121, 1, '符文護盾', 'EPIC', '2024-11-25 10:55:51'),
(122, 1, '皮革護甲', 'COMMON', '2024-11-25 10:55:51'),
(123, 1, '魔法卷軸', 'RARE', '2024-11-25 10:55:51'),
(124, 1, '史詩盔甲', 'EPIC', '2024-11-25 10:55:51'),
(125, 1, '傳說之劍', 'LEGENDARY', '2024-11-25 10:55:51'),
(126, 1, '木劍', 'COMMON', '2024-11-25 10:55:51'),
(127, 1, '皮革護甲', 'COMMON', '2024-11-25 10:56:19'),
(128, 1, '小型藥水', 'COMMON', '2024-11-25 10:56:19'),
(129, 1, '神秘寶石', 'LEGENDARY', '2024-11-25 10:56:19'),
(130, 1, '稀有戒指', 'RARE', '2024-11-25 10:56:19'),
(131, 1, '傳說之劍', 'LEGENDARY', '2024-11-25 10:56:19'),
(132, 1, '稀有戒指', 'RARE', '2024-11-25 10:56:58'),
(133, 1, '稀有戒指', 'RARE', '2024-11-25 10:56:58'),
(134, 1, '史詩盔甲', 'EPIC', '2024-11-25 10:56:58'),
(135, 1, '符文護盾', 'EPIC', '2024-11-25 10:56:58'),
(136, 1, '木劍', 'COMMON', '2024-11-25 10:56:58'),
(137, 1, '皮革護甲', 'COMMON', '2024-11-25 10:57:17'),
(138, 1, '神秘寶石', 'LEGENDARY', '2024-11-25 10:57:17'),
(139, 1, '皮革護甲', 'COMMON', '2024-11-25 10:57:17'),
(140, 1, '治療藥水', 'RARE', '2024-11-25 10:57:17'),
(141, 1, '稀有戒指', 'RARE', '2024-11-25 10:57:17'),
(142, 1, '治療藥水', 'RARE', '2024-11-25 10:57:17'),
(143, 1, '皮革護甲', 'COMMON', '2024-11-25 10:57:17'),
(144, 1, '稀有戒指', 'RARE', '2024-11-25 10:57:17'),
(145, 1, '皮革護甲', 'COMMON', '2024-11-25 10:57:17'),
(146, 1, '神秘寶石', 'LEGENDARY', '2024-11-25 10:57:17'),
(147, 1, '木劍', 'COMMON', '2024-11-25 10:58:55'),
(148, 1, '皮革護甲', 'COMMON', '2024-11-25 10:58:55'),
(149, 1, '木劍', 'COMMON', '2024-11-25 10:58:55'),
(150, 1, '史詩盔甲', 'EPIC', '2024-11-25 10:58:55'),
(151, 1, '木劍', 'COMMON', '2024-11-25 10:58:55'),
(152, 1, '史詩盔甲', 'EPIC', '2024-11-25 11:00:21'),
(153, 1, '皮革護甲', 'COMMON', '2024-11-25 11:00:21'),
(154, 1, '皮革護甲', 'COMMON', '2024-11-25 11:00:21'),
(155, 1, '傳說之劍', 'LEGENDARY', '2024-11-25 11:00:21'),
(156, 1, '木劍', 'COMMON', '2024-11-25 11:00:21'),
(157, 1, '小型藥水', 'COMMON', '2024-11-25 11:00:21'),
(158, 1, '稀有戒指', 'RARE', '2024-11-25 11:00:21'),
(159, 1, '木劍', 'COMMON', '2024-11-25 11:00:21'),
(160, 1, '小型藥水', 'COMMON', '2024-11-25 11:00:21'),
(161, 1, '木劍', 'COMMON', '2024-11-25 11:00:21'),
(162, 1, '木劍', 'COMMON', '2024-11-25 11:03:00'),
(163, 1, '小型藥水', 'COMMON', '2024-11-25 11:07:15'),
(164, 1, '小型藥水', 'COMMON', '2024-11-25 11:07:15'),
(165, 1, '小型藥水', 'COMMON', '2024-11-25 11:07:15'),
(166, 1, '皮革護甲', 'COMMON', '2024-11-25 11:07:15'),
(167, 1, '稀有戒指', 'RARE', '2024-11-25 11:07:15'),
(168, 1, '皮革護甲', 'COMMON', '2024-11-25 11:07:15'),
(169, 1, '小型藥水', 'COMMON', '2024-11-25 11:07:15'),
(170, 1, '魔法卷軸', 'RARE', '2024-11-25 11:07:15'),
(171, 1, '魔法卷軸', 'RARE', '2024-11-25 11:07:15'),
(172, 1, '稀有戒指', 'RARE', '2024-11-25 11:07:15'),
(173, 1, '小型藥水', 'COMMON', '2024-11-25 11:22:17'),
(174, 1, '史詩盔甲', 'EPIC', '2024-11-25 11:22:17'),
(175, 1, '治療藥水', 'RARE', '2024-11-25 11:22:17'),
(176, 1, '史詩盔甲', 'EPIC', '2024-11-25 11:22:17'),
(177, 1, '小型藥水', 'COMMON', '2024-11-25 11:22:17'),
(178, 1, '魔法卷軸', 'RARE', '2024-11-25 11:22:17'),
(179, 1, '木劍', 'COMMON', '2024-11-25 11:22:17'),
(180, 1, '木劍', 'COMMON', '2024-11-25 11:22:17'),
(181, 1, '皮革護甲', 'COMMON', '2024-11-25 11:22:17'),
(182, 1, '皮革護甲', 'COMMON', '2024-11-25 11:22:17'),
(183, 1, '魔法法杖', 'EPIC', '2024-11-25 11:22:21'),
(184, 1, '史詩盔甲', 'EPIC', '2024-11-25 11:22:21'),
(185, 1, '稀有戒指', 'RARE', '2024-11-25 11:22:21'),
(186, 1, '魔法卷軸', 'RARE', '2024-11-25 11:22:21'),
(187, 1, '皮革護甲', 'COMMON', '2024-11-25 11:22:21'),
(188, 1, '魔法法杖', 'EPIC', '2024-11-25 11:22:21'),
(189, 1, '魔法法杖', 'EPIC', '2024-11-25 11:22:21'),
(190, 1, '稀有戒指', 'RARE', '2024-11-25 11:22:21'),
(191, 1, '史詩盔甲', 'EPIC', '2024-11-25 11:22:21'),
(192, 1, '符文護盾', 'EPIC', '2024-11-25 11:22:21'),
(193, 1, '皮革護甲', 'COMMON', '2024-11-25 11:22:25'),
(194, 1, '魔法法杖', 'EPIC', '2024-11-25 11:22:25'),
(195, 1, '傳說之劍', 'LEGENDARY', '2024-11-25 11:22:25'),
(196, 1, '皮革護甲', 'COMMON', '2024-11-25 11:22:25'),
(197, 1, '治療藥水', 'RARE', '2024-11-25 11:22:25'),
(198, 1, '小型藥水', 'COMMON', '2024-11-25 11:22:25'),
(199, 1, '治療藥水', 'RARE', '2024-11-25 11:22:25'),
(200, 1, '小型藥水', 'COMMON', '2024-11-25 11:22:25'),
(201, 1, '皮革護甲', 'COMMON', '2024-11-25 11:22:25'),
(202, 1, '治療藥水', 'RARE', '2024-11-25 11:22:25'),
(203, 1, '傳說之劍', 'LEGENDARY', '2024-11-25 11:27:44'),
(204, 1, '魔法卷軸', 'RARE', '2024-11-25 11:27:44'),
(205, 1, '魔法卷軸', 'RARE', '2024-11-25 11:27:44'),
(206, 1, '木劍', 'COMMON', '2024-11-25 11:27:44'),
(207, 1, '稀有戒指', 'RARE', '2024-11-25 11:27:44'),
(208, 1, '稀有戒指', 'RARE', '2024-11-25 11:27:44'),
(209, 1, '治療藥水', 'RARE', '2024-11-25 11:27:44'),
(210, 1, '傳說之劍', 'LEGENDARY', '2024-11-25 11:27:44'),
(211, 1, '傳說之劍', 'LEGENDARY', '2024-11-25 11:27:44'),
(212, 1, '木劍', 'COMMON', '2024-11-25 11:27:44'),
(213, 1, '小型藥水', 'COMMON', '2024-11-25 11:28:00'),
(214, 1, '皮革護甲', 'COMMON', '2024-11-25 11:28:00'),
(215, 1, '治療藥水', 'RARE', '2024-11-25 11:28:00'),
(216, 1, '符文護盾', 'EPIC', '2024-11-25 11:28:00'),
(217, 1, '史詩盔甲', 'EPIC', '2024-11-25 11:28:00'),
(218, 1, '木劍', 'COMMON', '2024-11-25 11:28:00'),
(219, 1, '木劍', 'COMMON', '2024-11-25 11:28:00'),
(220, 1, '魔法卷軸', 'RARE', '2024-11-25 11:28:00'),
(221, 1, '魔法卷軸', 'RARE', '2024-11-25 11:28:00'),
(222, 1, '治療藥水', 'RARE', '2024-11-25 11:28:00'),
(223, 1, '魔法法杖', 'EPIC', '2024-11-25 11:28:29'),
(224, 1, '小型藥水', 'COMMON', '2024-11-25 11:29:31'),
(225, 1, '皮革護甲', 'COMMON', '2024-11-25 11:30:03'),
(226, 1, '木劍', 'COMMON', '2024-11-25 12:05:56'),
(227, 1, '神秘寶石', 'LEGENDARY', '2024-11-25 12:05:56'),
(228, 1, '魔法卷軸', 'RARE', '2024-11-25 12:05:56'),
(229, 1, '稀有戒指', 'RARE', '2024-11-25 12:05:56'),
(230, 1, '稀有戒指', 'RARE', '2024-11-25 12:05:56'),
(231, 1, '治療藥水', 'RARE', '2024-11-25 12:05:56'),
(232, 1, '木劍', 'COMMON', '2024-11-25 12:05:56'),
(233, 1, '木劍', 'COMMON', '2024-11-25 12:05:56'),
(234, 1, '稀有戒指', 'RARE', '2024-11-25 12:05:56'),
(235, 1, '木劍', 'COMMON', '2024-11-25 12:05:56'),
(236, 1, '皮革護甲', 'COMMON', '2024-11-25 13:05:46'),
(237, 1, '皮革護甲', 'COMMON', '2024-11-25 13:05:46'),
(238, 1, '小型藥水', 'COMMON', '2024-11-25 13:05:46'),
(239, 1, '治療藥水', 'RARE', '2024-11-25 13:05:46'),
(240, 1, '符文護盾', 'EPIC', '2024-11-25 13:05:46'),
(241, 1, '木劍', 'COMMON', '2024-11-25 13:09:39'),
(242, 1, '龍之心', 'LEGENDARY', '2024-11-25 13:09:39'),
(243, 1, '木劍', 'COMMON', '2024-11-25 13:09:39'),
(244, 1, '龍之心', 'LEGENDARY', '2024-11-25 13:09:39'),
(245, 1, '皮革護甲', 'COMMON', '2024-11-25 13:09:39'),
(246, 1, '木劍', 'COMMON', '2024-11-25 13:09:39'),
(247, 1, '魔法法杖', 'EPIC', '2024-11-25 13:09:39'),
(248, 1, '木劍', 'COMMON', '2024-11-25 13:09:39'),
(249, 1, '稀有戒指', 'RARE', '2024-11-25 13:09:39'),
(250, 1, '木劍', 'COMMON', '2024-11-25 13:09:39'),
(251, 1, '稀有戒指', 'RARE', '2024-11-25 13:09:45'),
(252, 1, '皮革護甲', 'COMMON', '2024-11-25 13:09:45'),
(253, 1, '木劍', 'COMMON', '2024-11-25 13:09:45'),
(254, 1, '皮革護甲', 'COMMON', '2024-11-25 13:09:45'),
(255, 1, '稀有戒指', 'RARE', '2024-11-25 13:09:45'),
(256, 1, '木劍', 'COMMON', '2024-11-25 13:09:45'),
(257, 1, '治療藥水', 'RARE', '2024-11-25 13:09:45'),
(258, 1, '魔法卷軸', 'LEGENDARY', '2024-11-25 13:09:45'),
(259, 1, '皮革護甲', 'COMMON', '2024-11-25 13:09:45'),
(260, 1, '皮革護甲', 'COMMON', '2024-11-25 13:09:45'),
(261, 1, '稀有戒指', 'RARE', '2024-11-25 13:14:44'),
(262, 1, '小型藥水', 'EPIC', '2024-11-25 13:14:44'),
(263, 1, '皮革護甲', 'COMMON', '2024-11-25 13:14:44'),
(264, 1, '魔法法杖', 'EPIC', '2024-11-25 13:14:44'),
(265, 1, '皮革護甲', 'COMMON', '2024-11-25 13:14:44'),
(266, 1, '皮革護甲', 'COMMON', '2024-11-25 13:14:44'),
(267, 1, '木劍', 'COMMON', '2024-11-25 13:14:44'),
(268, 1, '皮革護甲', 'COMMON', '2024-11-25 13:14:44'),
(269, 1, '皮革護甲', 'COMMON', '2024-11-25 13:14:44'),
(270, 1, '木劍', 'COMMON', '2024-11-25 13:14:44'),
(271, 1, '稀有戒指', 'RARE', '2024-11-25 13:14:49'),
(272, 1, '皮革護甲', 'COMMON', '2024-11-25 13:14:49'),
(273, 1, '皮革護甲', 'COMMON', '2024-11-25 13:14:49'),
(274, 1, '木劍', 'COMMON', '2024-11-25 13:14:49'),
(275, 1, '稀有戒指', 'RARE', '2024-11-25 13:14:49'),
(276, 1, '木劍', 'COMMON', '2024-11-25 13:14:49'),
(277, 1, '皮革護甲', 'COMMON', '2024-11-25 13:14:49'),
(278, 1, '治療藥水', 'RARE', '2024-11-25 13:14:49'),
(279, 1, '皮革護甲', 'COMMON', '2024-11-25 13:14:49'),
(280, 1, '木劍', 'COMMON', '2024-11-25 13:14:49'),
(281, 1, '皮革護甲', 'COMMON', '2024-11-25 13:24:57'),
(282, 1, '小型藥水', 'EPIC', '2024-11-25 13:24:57'),
(283, 1, '治療藥水', 'RARE', '2024-11-25 13:24:57'),
(284, 1, '稀有戒指', 'RARE', '2024-11-25 13:24:57'),
(285, 1, '木劍', 'COMMON', '2024-11-25 13:24:57'),
(286, 1, '木劍', 'COMMON', '2024-11-25 13:24:57'),
(287, 1, '皮革護甲', 'COMMON', '2024-11-25 13:24:57'),
(288, 1, '治療藥水', 'RARE', '2024-11-25 13:24:57'),
(289, 1, '木劍', 'COMMON', '2024-11-25 13:24:57'),
(290, 1, '稀有戒指', 'RARE', '2024-11-25 13:24:57'),
(291, 1, '稀有戒指', 'RARE', '2024-11-25 13:25:02'),
(292, 1, '治療藥水', 'RARE', '2024-11-25 13:25:02'),
(293, 1, '魔法法杖', 'EPIC', '2024-11-25 13:25:02'),
(294, 1, '治療藥水', 'RARE', '2024-11-25 13:25:02'),
(295, 1, '測試', 'LEGENDARY', '2024-11-25 13:25:02'),
(296, 1, '小型藥水', 'EPIC', '2024-11-25 13:25:02'),
(297, 1, '神秘寶石', 'LEGENDARY', '2024-11-25 13:25:02'),
(298, 1, '稀有戒指', 'RARE', '2024-11-25 13:25:02'),
(299, 1, '史詩盔甲', 'EPIC', '2024-11-25 13:25:02'),
(300, 1, '皮革護甲', 'COMMON', '2024-11-25 13:25:02'),
(301, 1, '皮革護甲', 'COMMON', '2024-11-25 13:25:09'),
(302, 1, '皮革護甲', 'COMMON', '2024-11-25 13:25:09'),
(303, 1, '史詩盔甲', 'EPIC', '2024-11-25 13:25:09'),
(304, 1, '治療藥水', 'RARE', '2024-11-25 13:25:09'),
(305, 1, '木劍', 'COMMON', '2024-11-25 13:25:09'),
(306, 1, '皮革護甲', 'COMMON', '2024-11-25 13:25:09'),
(307, 1, '木劍', 'COMMON', '2024-11-25 13:25:09'),
(308, 1, '小型藥水', 'EPIC', '2024-11-25 13:25:09'),
(309, 1, '稀有戒指', 'RARE', '2024-11-25 13:25:09'),
(310, 1, '稀有戒指', 'RARE', '2024-11-25 13:25:09'),
(311, 1, '稀有戒指', 'RARE', '2024-11-25 13:25:13'),
(312, 1, '木劍', 'COMMON', '2024-11-25 13:25:13'),
(313, 1, '治療藥水', 'RARE', '2024-11-25 13:25:13'),
(314, 1, '皮革護甲', 'COMMON', '2024-11-25 13:25:13'),
(315, 1, '魔法法杖', 'EPIC', '2024-11-25 13:25:13'),
(316, 1, '稀有戒指', 'RARE', '2024-11-25 13:25:13'),
(317, 1, '木劍', 'COMMON', '2024-11-25 13:25:13'),
(318, 1, '稀有戒指', 'RARE', '2024-11-25 13:25:13'),
(319, 1, '傳說之劍', 'LEGENDARY', '2024-11-25 13:25:13'),
(320, 1, '木劍', 'COMMON', '2024-11-25 13:25:13'),
(321, 1, '皮革護甲', 'COMMON', '2024-11-25 13:26:48'),
(322, 1, '稀有戒指', 'RARE', '2024-11-25 13:26:48'),
(323, 1, '皮革護甲', 'COMMON', '2024-11-25 13:26:48'),
(324, 1, '木劍', 'COMMON', '2024-11-25 13:26:48'),
(325, 1, '皮革護甲', 'COMMON', '2024-11-25 13:26:48'),
(326, 1, '治療藥水', 'RARE', '2024-11-25 13:26:48'),
(327, 1, '皮革護甲', 'COMMON', '2024-11-25 13:26:48'),
(328, 1, '木劍', 'COMMON', '2024-11-25 13:26:48'),
(329, 1, '小型藥水', 'EPIC', '2024-11-25 13:26:48'),
(330, 1, '皮革護甲', 'COMMON', '2024-11-25 13:26:48'),
(331, 1, '治療藥水', 'RARE', '2024-11-25 13:27:08'),
(332, 1, '稀有戒指', 'RARE', '2024-11-25 13:27:08'),
(333, 1, '皮革護甲', 'COMMON', '2024-11-25 13:27:08'),
(334, 1, '木劍', 'COMMON', '2024-11-25 13:27:08'),
(335, 1, '治療藥水', 'RARE', '2024-11-25 13:27:08'),
(336, 1, '皮革護甲', 'COMMON', '2024-11-25 13:27:08'),
(337, 1, '皮革護甲', 'COMMON', '2024-11-25 13:27:08'),
(338, 1, '皮革護甲', 'COMMON', '2024-11-25 13:27:08'),
(339, 1, '皮革護甲', 'COMMON', '2024-11-25 13:27:08'),
(340, 1, '皮革護甲', 'COMMON', '2024-11-25 13:27:08'),
(341, 1, '皮革護甲', 'COMMON', '2024-11-25 13:27:44'),
(342, 1, '皮革護甲', 'COMMON', '2024-11-25 13:27:44'),
(343, 1, '木劍', 'COMMON', '2024-11-25 13:27:44'),
(344, 1, '魔法卷軸', 'LEGENDARY', '2024-11-25 13:27:44'),
(345, 1, '木劍', 'COMMON', '2024-11-25 13:27:44'),
(346, 1, '稀有戒指', 'RARE', '2024-11-25 13:27:44'),
(347, 1, '皮革護甲', 'COMMON', '2024-11-25 13:27:44'),
(348, 1, '稀有戒指', 'RARE', '2024-11-25 13:27:44'),
(349, 1, '治療藥水', 'RARE', '2024-11-25 13:27:44'),
(350, 1, '木劍', 'COMMON', '2024-11-25 13:27:44'),
(351, 1, '皮革護甲', 'COMMON', '2024-11-25 13:28:08'),
(352, 1, '治療藥水', 'RARE', '2024-11-25 13:28:08'),
(353, 1, '符文護盾', 'EPIC', '2024-11-25 13:28:08'),
(354, 1, '皮革護甲', 'COMMON', '2024-11-25 13:28:08'),
(355, 1, '皮革護甲', 'COMMON', '2024-11-25 13:28:08'),
(356, 1, '木劍', 'COMMON', '2024-11-25 13:28:08'),
(357, 1, '木劍', 'COMMON', '2024-11-25 13:28:08'),
(358, 1, '木劍', 'COMMON', '2024-11-25 13:28:08'),
(359, 1, '治療藥水', 'RARE', '2024-11-25 13:28:08'),
(360, 1, '符文護盾', 'EPIC', '2024-11-25 13:28:08'),
(361, 1, '皮革護甲', 'COMMON', '2024-11-25 13:28:18'),
(362, 1, '稀有戒指', 'RARE', '2024-11-25 13:28:18'),
(363, 1, '皮革護甲', 'COMMON', '2024-11-25 13:28:18'),
(364, 1, '魔法卷軸', 'LEGENDARY', '2024-11-25 13:28:18'),
(365, 1, '符文護盾', 'EPIC', '2024-11-25 13:28:18'),
(366, 1, '小型藥水', 'EPIC', '2024-11-25 13:28:18'),
(367, 1, '皮革護甲', 'COMMON', '2024-11-25 13:28:18'),
(368, 1, '治療藥水', 'RARE', '2024-11-25 13:28:18'),
(369, 1, '木劍', 'COMMON', '2024-11-25 13:28:18'),
(370, 1, '皮革護甲', 'COMMON', '2024-11-25 13:28:18'),
(371, 1, '治療藥水', 'RARE', '2024-11-25 13:31:19'),
(372, 1, '木劍', 'COMMON', '2024-11-25 13:31:19'),
(373, 1, '木劍', 'COMMON', '2024-11-25 13:31:19'),
(374, 1, '皮革護甲', 'COMMON', '2024-11-25 13:31:19'),
(375, 1, '治療藥水', 'RARE', '2024-11-25 13:31:19'),
(376, 1, '史詩盔甲', 'EPIC', '2024-11-25 13:31:19'),
(377, 1, '稀有戒指', 'RARE', '2024-11-25 13:31:19'),
(378, 1, '皮革護甲', 'COMMON', '2024-11-25 13:31:19'),
(379, 1, '稀有戒指', 'RARE', '2024-11-25 13:31:19'),
(380, 1, '治療藥水', 'RARE', '2024-11-25 13:31:19'),
(381, 1, '稀有戒指', 'RARE', '2024-11-25 13:31:26'),
(382, 1, '測試', 'LEGENDARY', '2024-11-25 13:31:26'),
(383, 1, '木劍', 'COMMON', '2024-11-25 13:31:26'),
(384, 1, '木劍', 'COMMON', '2024-11-25 13:31:26'),
(385, 1, '木劍', 'COMMON', '2024-11-25 13:31:26'),
(386, 1, '皮革護甲', 'COMMON', '2024-11-25 13:31:26'),
(387, 1, '治療藥水', 'RARE', '2024-11-25 13:31:26'),
(388, 1, '皮革護甲', 'COMMON', '2024-11-25 13:31:26'),
(389, 1, '魔法卷軸', 'LEGENDARY', '2024-11-25 13:31:26'),
(390, 1, '史詩盔甲', 'EPIC', '2024-11-25 13:31:26'),
(391, 1, '治療藥水', 'RARE', '2024-11-25 13:32:57'),
(392, 1, '治療藥水', 'RARE', '2024-11-25 13:32:57'),
(393, 1, '皮革護甲', 'COMMON', '2024-11-25 13:32:57'),
(394, 1, '皮革護甲', 'COMMON', '2024-11-25 13:32:57'),
(395, 1, '皮革護甲', 'COMMON', '2024-11-25 13:32:57'),
(396, 1, '魔法法杖', 'EPIC', '2024-11-25 13:32:57'),
(397, 1, '符文護盾', 'EPIC', '2024-11-25 13:32:57'),
(398, 1, '皮革護甲', 'COMMON', '2024-11-25 13:32:57'),
(399, 1, '皮革護甲', 'COMMON', '2024-11-25 13:32:57'),
(400, 1, '皮革護甲', 'COMMON', '2024-11-25 13:32:57'),
(401, 1, '治療藥水', 'RARE', '2024-11-25 13:33:04'),
(402, 1, '皮革護甲', 'COMMON', '2024-11-25 13:33:04'),
(403, 1, '皮革護甲', 'COMMON', '2024-11-25 13:33:04'),
(404, 1, '皮革護甲', 'COMMON', '2024-11-25 13:33:04'),
(405, 1, '皮革護甲', 'COMMON', '2024-11-25 13:33:04'),
(406, 1, '治療藥水', 'RARE', '2024-11-25 13:33:04'),
(407, 1, '木劍', 'COMMON', '2024-11-25 13:33:04'),
(408, 1, '稀有戒指', 'RARE', '2024-11-25 13:33:04'),
(409, 1, '治療藥水', 'RARE', '2024-11-25 13:33:04'),
(410, 1, '皮革護甲', 'COMMON', '2024-11-25 13:33:04'),
(411, 1, '皮革護甲', 'COMMON', '2024-11-25 13:34:09'),
(412, 1, '稀有戒指', 'RARE', '2024-11-25 13:34:09'),
(413, 1, '皮革護甲', 'COMMON', '2024-11-25 13:34:09'),
(414, 1, '木劍', 'COMMON', '2024-11-25 13:34:09'),
(415, 1, '皮革護甲', 'COMMON', '2024-11-25 13:34:09'),
(416, 1, '皮革護甲', 'COMMON', '2024-11-25 13:34:09'),
(417, 1, '治療藥水', 'RARE', '2024-11-25 13:34:09'),
(418, 1, '治療藥水', 'RARE', '2024-11-25 13:34:09'),
(419, 1, '木劍', 'COMMON', '2024-11-25 13:34:09'),
(420, 1, '木劍', 'COMMON', '2024-11-25 13:34:09'),
(421, 1, '測試', 'LEGENDARY', '2024-11-25 13:40:43'),
(422, 1, '木劍', 'COMMON', '2024-11-25 13:40:43'),
(423, 1, '木劍', 'COMMON', '2024-11-25 13:40:43'),
(424, 1, '木劍', 'COMMON', '2024-11-25 13:40:43'),
(425, 1, '符文護盾', 'EPIC', '2024-11-25 13:40:43'),
(426, 1, '治療藥水', 'RARE', '2024-11-25 13:40:43'),
(427, 1, '皮革護甲', 'COMMON', '2024-11-25 13:40:43'),
(428, 1, '皮革護甲', 'COMMON', '2024-11-25 13:40:43'),
(429, 1, '治療藥水', 'RARE', '2024-11-25 13:40:43'),
(430, 1, '稀有戒指', 'RARE', '2024-11-25 13:40:43'),
(431, 1, '木劍', 'COMMON', '2024-11-25 13:40:47'),
(432, 1, '皮革護甲', 'COMMON', '2024-11-25 13:40:47'),
(433, 1, '皮革護甲', 'COMMON', '2024-11-25 13:40:47'),
(434, 1, '傳說之劍', 'LEGENDARY', '2024-11-25 13:40:47'),
(435, 1, '治療藥水', 'RARE', '2024-11-25 13:40:47'),
(436, 1, '木劍', 'COMMON', '2024-11-25 13:40:47'),
(437, 1, '稀有戒指', 'RARE', '2024-11-25 13:40:47'),
(438, 1, '木劍', 'COMMON', '2024-11-25 13:40:47'),
(439, 1, '皮革護甲', 'COMMON', '2024-11-25 13:40:47'),
(440, 1, '皮革護甲', 'COMMON', '2024-11-25 13:40:47'),
(441, 1, '木劍', 'COMMON', '2024-11-25 13:41:17'),
(442, 1, '小型藥水', 'EPIC', '2024-11-25 14:01:08'),
(443, 1, '皮革護甲', 'COMMON', '2024-11-25 14:01:08'),
(444, 1, '皮革護甲', 'COMMON', '2024-11-25 14:01:08'),
(445, 1, '木劍', 'COMMON', '2024-11-25 14:01:08'),
(446, 1, '魔法法杖', 'EPIC', '2024-11-25 14:01:08'),
(447, 1, '治療藥水', 'RARE', '2024-11-25 14:01:08'),
(448, 1, '小型藥水', 'EPIC', '2024-11-25 14:01:08'),
(449, 1, '皮革護甲', 'COMMON', '2024-11-25 14:01:08'),
(450, 1, '魔法法杖', 'EPIC', '2024-11-25 14:01:08'),
(451, 1, '小型藥水', 'EPIC', '2024-11-25 14:01:08'),
(452, 1, '木劍', 'COMMON', '2024-11-25 14:02:13'),
(453, 1, '符文護盾', 'EPIC', '2024-11-25 14:02:13'),
(454, 1, '木劍', 'COMMON', '2024-11-25 14:02:13'),
(455, 1, '皮革護甲', 'COMMON', '2024-11-25 14:02:13'),
(456, 1, '皮革護甲', 'COMMON', '2024-11-25 14:02:13'),
(457, 1, '皮革護甲', 'COMMON', '2024-11-25 14:02:13'),
(458, 1, '皮革護甲', 'COMMON', '2024-11-25 14:02:13'),
(459, 1, '木劍', 'COMMON', '2024-11-25 14:02:13'),
(460, 1, '皮革護甲', 'COMMON', '2024-11-25 14:02:13'),
(461, 1, '魔法卷軸', 'LEGENDARY', '2024-11-25 14:02:13'),
(462, 1, '稀有戒指', 'RARE', '2024-11-25 14:02:16'),
(463, 1, '皮革護甲', 'COMMON', '2024-11-25 14:02:16'),
(464, 1, '皮革護甲', 'COMMON', '2024-11-25 14:02:16'),
(465, 1, '皮革護甲', 'COMMON', '2024-11-25 14:02:16'),
(466, 1, '皮革護甲', 'COMMON', '2024-11-25 14:02:16'),
(467, 1, '木劍', 'COMMON', '2024-11-25 14:02:16'),
(468, 1, '稀有戒指', 'RARE', '2024-11-25 14:02:16'),
(469, 1, '稀有戒指', 'RARE', '2024-11-25 14:02:16'),
(470, 1, '木劍', 'COMMON', '2024-11-25 14:02:16'),
(471, 1, '木劍', 'COMMON', '2024-11-25 14:02:16'),
(472, 1, '稀有戒指', 'RARE', '2024-11-25 14:02:19'),
(473, 1, '皮革護甲', 'COMMON', '2024-11-25 14:02:19'),
(474, 1, '治療藥水', 'RARE', '2024-11-25 14:02:19'),
(475, 1, '皮革護甲', 'COMMON', '2024-11-25 14:02:19'),
(476, 1, '史詩盔甲', 'EPIC', '2024-11-25 14:02:19'),
(477, 1, '皮革護甲', 'COMMON', '2024-11-25 14:02:19'),
(478, 1, '木劍', 'COMMON', '2024-11-25 14:02:19'),
(479, 1, '傳說之劍', 'LEGENDARY', '2024-11-25 14:02:19'),
(480, 1, '木劍', 'COMMON', '2024-11-25 14:02:19'),
(481, 1, '稀有戒指', 'RARE', '2024-11-25 14:02:19'),
(482, 1, '木劍', 'COMMON', '2024-11-25 14:02:22'),
(483, 1, '皮革護甲', 'COMMON', '2024-11-25 14:02:22'),
(484, 1, '史詩盔甲', 'EPIC', '2024-11-25 14:02:22'),
(485, 1, '稀有戒指', 'RARE', '2024-11-25 14:02:22'),
(486, 1, '小型藥水', 'EPIC', '2024-11-25 14:02:22'),
(487, 1, '治療藥水', 'RARE', '2024-11-25 14:02:22'),
(488, 1, '皮革護甲', 'COMMON', '2024-11-25 14:02:22'),
(489, 1, '稀有戒指', 'RARE', '2024-11-25 14:02:22'),
(490, 1, '治療藥水', 'RARE', '2024-11-25 14:02:22'),
(491, 1, '木劍', 'COMMON', '2024-11-25 14:02:22'),
(492, 1, '木劍', 'COMMON', '2024-11-25 14:02:25'),
(493, 1, '木劍', 'COMMON', '2024-11-25 14:02:25'),
(494, 1, '皮革護甲', 'COMMON', '2024-11-25 14:02:25'),
(495, 1, '皮革護甲', 'COMMON', '2024-11-25 14:02:25'),
(496, 1, '皮革護甲', 'COMMON', '2024-11-25 14:02:25'),
(497, 1, '木劍', 'COMMON', '2024-11-25 14:02:25'),
(498, 1, '木劍', 'COMMON', '2024-11-25 14:02:25'),
(499, 1, '木劍', 'COMMON', '2024-11-25 14:02:25'),
(500, 1, '木劍', 'COMMON', '2024-11-25 14:02:25'),
(501, 1, '史詩盔甲', 'EPIC', '2024-11-25 14:02:25'),
(502, 1, '稀有戒指', 'RARE', '2024-11-25 14:02:28'),
(503, 1, '稀有戒指', 'RARE', '2024-11-25 14:02:28'),
(504, 1, '木劍', 'COMMON', '2024-11-25 14:02:28'),
(505, 1, '皮革護甲', 'COMMON', '2024-11-25 14:02:28'),
(506, 1, '小型藥水', 'EPIC', '2024-11-25 14:02:28'),
(507, 1, '龍之心', 'LEGENDARY', '2024-11-25 14:02:28'),
(508, 1, '皮革護甲', 'COMMON', '2024-11-25 14:02:28'),
(509, 1, '符文護盾', 'EPIC', '2024-11-25 14:02:28'),
(510, 1, '魔法法杖', 'EPIC', '2024-11-25 14:02:28'),
(511, 1, '魔法法杖', 'EPIC', '2024-11-25 14:02:28'),
(512, 1, '稀有戒指', 'RARE', '2024-11-25 14:02:32'),
(513, 1, '皮革護甲', 'COMMON', '2024-11-25 14:02:32'),
(514, 1, '木劍', 'COMMON', '2024-11-25 14:02:32'),
(515, 1, '木劍', 'COMMON', '2024-11-25 14:02:32'),
(516, 1, '稀有戒指', 'RARE', '2024-11-25 14:02:32'),
(517, 1, '木劍', 'COMMON', '2024-11-25 14:02:32'),
(518, 1, '木劍', 'COMMON', '2024-11-25 14:02:32'),
(519, 1, '史詩盔甲', 'EPIC', '2024-11-25 14:02:32'),
(520, 1, '魔法法杖', 'EPIC', '2024-11-25 14:02:32'),
(521, 1, '皮革護甲', 'COMMON', '2024-11-25 14:02:32'),
(522, 1, '稀有戒指', 'RARE', '2024-11-25 14:02:35'),
(523, 1, '治療藥水', 'RARE', '2024-11-25 14:02:35'),
(524, 1, '治療藥水', 'RARE', '2024-11-25 14:02:35'),
(525, 1, '傳說之劍', 'LEGENDARY', '2024-11-25 14:02:35'),
(526, 1, '皮革護甲', 'COMMON', '2024-11-25 14:02:35'),
(527, 1, '皮革護甲', 'COMMON', '2024-11-25 14:02:35'),
(528, 1, '木劍', 'COMMON', '2024-11-25 14:02:35'),
(529, 1, '治療藥水', 'RARE', '2024-11-25 14:02:35'),
(530, 1, '稀有戒指', 'RARE', '2024-11-25 14:02:35'),
(531, 1, '龍之心', 'LEGENDARY', '2024-11-25 14:02:35'),
(532, 1, '木劍', 'COMMON', '2024-11-25 14:02:38'),
(533, 1, '木劍', 'COMMON', '2024-11-25 14:02:38'),
(534, 1, '稀有戒指', 'RARE', '2024-11-25 14:02:38'),
(535, 1, '治療藥水', 'RARE', '2024-11-25 14:02:38'),
(536, 1, '魔法卷軸', 'LEGENDARY', '2024-11-25 14:02:38'),
(537, 1, '木劍', 'COMMON', '2024-11-25 14:02:38'),
(538, 1, '皮革護甲', 'COMMON', '2024-11-25 14:02:38'),
(539, 1, '治療藥水', 'RARE', '2024-11-25 14:02:38'),
(540, 1, '傳說之劍', 'LEGENDARY', '2024-11-25 14:02:38'),
(541, 1, '治療藥水', 'RARE', '2024-11-25 14:02:38'),
(542, 1, '皮革護甲', 'COMMON', '2024-11-25 14:02:49'),
(543, 1, '木劍', 'COMMON', '2024-11-25 14:02:49'),
(544, 1, '皮革護甲', 'COMMON', '2024-11-25 14:02:49'),
(545, 1, '皮革護甲', 'COMMON', '2024-11-25 14:02:49'),
(546, 1, '治療藥水', 'RARE', '2024-11-25 14:02:49'),
(547, 1, '木劍', 'COMMON', '2024-11-25 14:02:49'),
(548, 1, '治療藥水', 'RARE', '2024-11-25 14:02:49'),
(549, 1, '神秘寶石', 'LEGENDARY', '2024-11-25 14:02:49'),
(550, 1, '治療藥水', 'RARE', '2024-11-25 14:02:49'),
(551, 1, '皮革護甲', 'COMMON', '2024-11-25 14:02:49'),
(552, 1, '木劍', 'COMMON', '2024-11-25 14:02:54'),
(553, 1, '神秘寶石', 'LEGENDARY', '2024-11-25 14:02:54'),
(554, 1, '皮革護甲', 'COMMON', '2024-11-25 14:02:54'),
(555, 1, '神秘寶石', 'LEGENDARY', '2024-11-25 14:02:54'),
(556, 1, '木劍', 'COMMON', '2024-11-25 14:02:54'),
(557, 1, '皮革護甲', 'COMMON', '2024-11-25 14:02:54'),
(558, 1, '皮革護甲', 'COMMON', '2024-11-25 14:02:54'),
(559, 1, '皮革護甲', 'COMMON', '2024-11-25 14:02:54'),
(560, 1, '治療藥水', 'RARE', '2024-11-25 14:02:54'),
(561, 1, '皮革護甲', 'COMMON', '2024-11-25 14:02:54'),
(562, 1, '木劍', 'COMMON', '2024-11-25 14:02:58'),
(563, 1, '木劍', 'COMMON', '2024-11-25 14:02:58'),
(564, 1, '符文護盾', 'EPIC', '2024-11-25 14:02:58'),
(565, 1, '皮革護甲', 'COMMON', '2024-11-25 14:02:58'),
(566, 1, '魔法法杖', 'EPIC', '2024-11-25 14:02:58'),
(567, 1, '神秘寶石', 'LEGENDARY', '2024-11-25 14:02:58'),
(568, 1, '小型藥水', 'EPIC', '2024-11-25 14:02:58'),
(569, 1, '稀有戒指', 'RARE', '2024-11-25 14:02:58'),
(570, 1, '治療藥水', 'RARE', '2024-11-25 14:02:58'),
(571, 1, '木劍', 'COMMON', '2024-11-25 14:02:58'),
(572, 1, '木劍', 'COMMON', '2024-11-25 14:03:02'),
(573, 1, '稀有戒指', 'RARE', '2024-11-25 14:03:02'),
(574, 1, '治療藥水', 'RARE', '2024-11-25 14:03:02'),
(575, 1, '木劍', 'COMMON', '2024-11-25 14:03:02'),
(576, 1, '皮革護甲', 'COMMON', '2024-11-25 14:03:02'),
(577, 1, '治療藥水', 'RARE', '2024-11-25 14:03:02'),
(578, 1, '稀有戒指', 'RARE', '2024-11-25 14:03:02'),
(579, 1, '治療藥水', 'RARE', '2024-11-25 14:03:02'),
(580, 1, '傳說之劍', 'LEGENDARY', '2024-11-25 14:03:02'),
(581, 1, '皮革護甲', 'COMMON', '2024-11-25 14:03:02'),
(582, 1, '治療藥水', 'RARE', '2024-11-25 14:03:05'),
(583, 1, '皮革護甲', 'COMMON', '2024-11-25 14:03:05'),
(584, 1, '木劍', 'COMMON', '2024-11-25 14:03:05'),
(585, 1, '治療藥水', 'RARE', '2024-11-25 14:03:05'),
(586, 1, '稀有戒指', 'RARE', '2024-11-25 14:03:05'),
(587, 1, '治療藥水', 'RARE', '2024-11-25 14:03:05'),
(588, 1, '皮革護甲', 'COMMON', '2024-11-25 14:03:05'),
(589, 1, '皮革護甲', 'COMMON', '2024-11-25 14:03:05'),
(590, 1, '符文護盾', 'EPIC', '2024-11-25 14:03:05'),
(591, 1, '木劍', 'COMMON', '2024-11-25 14:03:05'),
(592, 1, '皮革護甲', 'COMMON', '2024-11-25 14:03:08'),
(593, 1, '皮革護甲', 'COMMON', '2024-11-25 14:03:08'),
(594, 1, '稀有戒指', 'RARE', '2024-11-25 14:03:08'),
(595, 1, '木劍', 'COMMON', '2024-11-25 14:03:08'),
(596, 1, '皮革護甲', 'COMMON', '2024-11-25 14:03:08'),
(597, 1, '皮革護甲', 'COMMON', '2024-11-25 14:03:08'),
(598, 1, '史詩盔甲', 'EPIC', '2024-11-25 14:03:08'),
(599, 1, '皮革護甲', 'COMMON', '2024-11-25 14:03:08'),
(600, 1, '史詩盔甲', 'EPIC', '2024-11-25 14:03:08'),
(601, 1, '皮革護甲', 'COMMON', '2024-11-25 14:03:08'),
(602, 1, '皮革護甲', 'COMMON', '2024-11-25 14:03:11'),
(603, 1, '皮革護甲', 'COMMON', '2024-11-25 14:03:11'),
(604, 1, '皮革護甲', 'COMMON', '2024-11-25 14:03:11'),
(605, 1, '木劍', 'COMMON', '2024-11-25 14:03:11'),
(606, 1, '神秘寶石', 'LEGENDARY', '2024-11-25 14:03:11'),
(607, 1, '木劍', 'COMMON', '2024-11-25 14:03:11'),
(608, 1, '稀有戒指', 'RARE', '2024-11-25 14:03:11'),
(609, 1, '稀有戒指', 'RARE', '2024-11-25 14:03:11'),
(610, 1, '稀有戒指', 'RARE', '2024-11-25 14:03:11'),
(611, 1, '治療藥水', 'RARE', '2024-11-25 14:03:11'),
(612, 1, '木劍', 'COMMON', '2024-11-25 14:04:03'),
(613, 1, '木劍', 'COMMON', '2024-11-25 14:04:03'),
(614, 1, '皮革護甲', 'COMMON', '2024-11-25 14:04:03'),
(615, 1, '木劍', 'COMMON', '2024-11-25 14:04:03'),
(616, 1, '小型藥水', 'EPIC', '2024-11-25 14:04:03'),
(617, 1, '史詩盔甲', 'EPIC', '2024-11-25 14:04:03'),
(618, 1, '稀有戒指', 'RARE', '2024-11-25 14:04:03'),
(619, 1, '龍之心', 'LEGENDARY', '2024-11-25 14:04:03'),
(620, 1, '木劍', 'COMMON', '2024-11-25 14:04:03'),
(621, 1, '稀有戒指', 'RARE', '2024-11-25 14:04:03'),
(622, 1, '符文護盾', 'EPIC', '2024-11-25 14:15:57'),
(623, 1, '木劍', 'COMMON', '2024-11-25 14:15:57'),
(624, 1, '木劍', 'COMMON', '2024-11-25 14:15:57'),
(625, 1, '小型藥水', 'EPIC', '2024-11-25 14:15:57'),
(626, 1, '治療藥水', 'RARE', '2024-11-25 14:15:57'),
(627, 1, '治療藥水', 'RARE', '2024-11-25 14:15:57'),
(628, 1, '治療藥水', 'RARE', '2024-11-25 14:15:57'),
(629, 1, '木劍', 'COMMON', '2024-11-25 14:15:57'),
(630, 1, '史詩盔甲', 'EPIC', '2024-11-25 14:15:57'),
(631, 1, '小型藥水', 'EPIC', '2024-11-25 14:15:57'),
(632, 1, '皮革護甲', 'COMMON', '2024-11-25 14:16:00'),
(633, 1, '皮革護甲', 'COMMON', '2024-11-25 14:16:00'),
(634, 1, '治療藥水', 'RARE', '2024-11-25 14:16:00'),
(635, 1, '皮革護甲', 'COMMON', '2024-11-25 14:16:00'),
(636, 1, '治療藥水', 'RARE', '2024-11-25 14:16:00'),
(637, 1, '魔法法杖', 'EPIC', '2024-11-25 14:16:00'),
(638, 1, '治療藥水', 'RARE', '2024-11-25 14:16:00'),
(639, 1, '皮革護甲', 'COMMON', '2024-11-25 14:16:00'),
(640, 1, '稀有戒指', 'RARE', '2024-11-25 14:16:00'),
(641, 1, '木劍', 'COMMON', '2024-11-25 14:16:00'),
(642, 1, '稀有戒指', 'RARE', '2024-11-25 14:16:03'),
(643, 1, '治療藥水', 'RARE', '2024-11-25 14:16:03'),
(644, 1, '治療藥水', 'RARE', '2024-11-25 14:16:03'),
(645, 1, '木劍', 'COMMON', '2024-11-25 14:16:03'),
(646, 1, '小型藥水', 'EPIC', '2024-11-25 14:16:03'),
(647, 1, '治療藥水', 'RARE', '2024-11-25 14:16:03'),
(648, 1, '傳說之劍', 'LEGENDARY', '2024-11-25 14:16:03'),
(649, 1, '稀有戒指', 'RARE', '2024-11-25 14:16:03'),
(650, 1, '木劍', 'COMMON', '2024-11-25 14:16:03'),
(651, 1, '稀有戒指', 'RARE', '2024-11-25 14:16:03'),
(652, 1, '史詩盔甲', 'EPIC', '2024-11-25 14:16:06'),
(653, 1, '皮革護甲', 'COMMON', '2024-11-25 14:16:06'),
(654, 1, '治療藥水', 'RARE', '2024-11-25 14:16:06'),
(655, 1, '皮革護甲', 'COMMON', '2024-11-25 14:16:06'),
(656, 1, '木劍', 'COMMON', '2024-11-25 14:16:06'),
(657, 1, '皮革護甲', 'COMMON', '2024-11-25 14:16:06'),
(658, 1, '治療藥水', 'RARE', '2024-11-25 14:16:06'),
(659, 1, '稀有戒指', 'RARE', '2024-11-25 14:16:06'),
(660, 1, '木劍', 'COMMON', '2024-11-25 14:16:06'),
(661, 1, '皮革護甲', 'COMMON', '2024-11-25 14:16:06'),
(662, 1, '皮革護甲', 'COMMON', '2024-11-25 14:16:09'),
(663, 1, '治療藥水', 'RARE', '2024-11-25 14:16:09'),
(664, 1, '皮革護甲', 'COMMON', '2024-11-25 14:16:09'),
(665, 1, '木劍', 'COMMON', '2024-11-25 14:16:09'),
(666, 1, '木劍', 'COMMON', '2024-11-25 14:16:09'),
(667, 1, '木劍', 'COMMON', '2024-11-25 14:16:09'),
(668, 1, '稀有戒指', 'RARE', '2024-11-25 14:16:09'),
(669, 1, '木劍', 'COMMON', '2024-11-25 14:16:09'),
(670, 1, '皮革護甲', 'COMMON', '2024-11-25 14:16:09'),
(671, 1, '木劍', 'COMMON', '2024-11-25 14:16:09'),
(672, 1, '木劍', 'COMMON', '2024-11-25 14:16:12'),
(673, 1, '木劍', 'COMMON', '2024-11-25 14:16:12'),
(674, 1, '稀有戒指', 'RARE', '2024-11-25 14:16:12'),
(675, 1, '符文護盾', 'EPIC', '2024-11-25 14:16:12'),
(676, 1, '皮革護甲', 'COMMON', '2024-11-25 14:16:12'),
(677, 1, '皮革護甲', 'COMMON', '2024-11-25 14:16:12'),
(678, 1, '稀有戒指', 'RARE', '2024-11-25 14:16:12'),
(679, 1, '史詩盔甲', 'EPIC', '2024-11-25 14:16:12'),
(680, 1, '木劍', 'COMMON', '2024-11-25 14:16:12'),
(681, 1, '皮革護甲', 'COMMON', '2024-11-25 14:16:12'),
(682, 1, '稀有戒指', 'RARE', '2024-11-25 14:16:15'),
(683, 1, '皮革護甲', 'COMMON', '2024-11-25 14:16:15'),
(684, 1, '皮革護甲', 'COMMON', '2024-11-25 14:16:15'),
(685, 1, '稀有戒指', 'RARE', '2024-11-25 14:16:15'),
(686, 1, '史詩盔甲', 'EPIC', '2024-11-25 14:16:15'),
(687, 1, '皮革護甲', 'COMMON', '2024-11-25 14:16:15'),
(688, 1, '符文護盾', 'EPIC', '2024-11-25 14:16:15'),
(689, 1, '木劍', 'COMMON', '2024-11-25 14:16:15'),
(690, 1, '稀有戒指', 'RARE', '2024-11-25 14:16:15'),
(691, 1, '皮革護甲', 'COMMON', '2024-11-25 14:16:15'),
(692, 1, '稀有戒指', 'RARE', '2024-11-25 14:16:18'),
(693, 1, '治療藥水', 'RARE', '2024-11-25 14:16:18'),
(694, 1, '木劍', 'COMMON', '2024-11-25 14:16:18'),
(695, 1, '治療藥水', 'RARE', '2024-11-25 14:16:18'),
(696, 1, '木劍', 'COMMON', '2024-11-25 14:16:18'),
(697, 1, '木劍', 'COMMON', '2024-11-25 14:16:18'),
(698, 1, '木劍', 'COMMON', '2024-11-25 14:16:18'),
(699, 1, '木劍', 'COMMON', '2024-11-25 14:16:18'),
(700, 1, '皮革護甲', 'COMMON', '2024-11-25 14:16:18'),
(701, 1, '稀有戒指', 'RARE', '2024-11-25 14:16:18'),
(702, 1, '皮革護甲', 'COMMON', '2024-11-25 14:16:21'),
(703, 1, '皮革護甲', 'COMMON', '2024-11-25 14:16:21'),
(704, 1, '治療藥水', 'RARE', '2024-11-25 14:16:21'),
(705, 1, '史詩盔甲', 'EPIC', '2024-11-25 14:16:21'),
(706, 1, '皮革護甲', 'COMMON', '2024-11-25 14:16:21'),
(707, 1, '皮革護甲', 'COMMON', '2024-11-25 14:16:21'),
(708, 1, '皮革護甲', 'COMMON', '2024-11-25 14:16:21'),
(709, 1, '治療藥水', 'RARE', '2024-11-25 14:16:21'),
(710, 1, '治療藥水', 'RARE', '2024-11-25 14:16:21'),
(711, 1, '木劍', 'COMMON', '2024-11-25 14:16:21'),
(712, 1, '小型藥水', 'EPIC', '2024-11-25 14:16:24'),
(713, 1, '皮革護甲', 'COMMON', '2024-11-25 14:16:24'),
(714, 1, '木劍', 'COMMON', '2024-11-25 14:16:24'),
(715, 1, '木劍', 'COMMON', '2024-11-25 14:16:24'),
(716, 1, '皮革護甲', 'COMMON', '2024-11-25 14:16:24'),
(717, 1, '傳說之劍', 'LEGENDARY', '2024-11-25 14:16:24'),
(718, 1, '木劍', 'COMMON', '2024-11-25 14:16:24'),
(719, 1, '木劍', 'COMMON', '2024-11-25 14:16:24'),
(720, 1, '皮革護甲', 'COMMON', '2024-11-25 14:16:24'),
(721, 1, '木劍', 'COMMON', '2024-11-25 14:16:24'),
(722, 1, '皮革護甲', 'COMMON', '2024-11-25 14:16:27'),
(723, 1, '皮革護甲', 'COMMON', '2024-11-25 14:16:27'),
(724, 1, '魔法法杖', 'EPIC', '2024-11-25 14:16:27'),
(725, 1, '木劍', 'COMMON', '2024-11-25 14:16:27'),
(726, 1, '稀有戒指', 'RARE', '2024-11-25 14:16:27'),
(727, 1, '木劍', 'COMMON', '2024-11-25 14:16:27'),
(728, 1, '魔法法杖', 'EPIC', '2024-11-25 14:16:27'),
(729, 1, '木劍', 'COMMON', '2024-11-25 14:16:27'),
(730, 1, '治療藥水', 'RARE', '2024-11-25 14:16:27'),
(731, 1, '皮革護甲', 'COMMON', '2024-11-25 14:16:27'),
(732, 1, '木劍', 'COMMON', '2024-11-25 14:16:30'),
(733, 1, '木劍', 'COMMON', '2024-11-25 14:16:30'),
(734, 1, '木劍', 'COMMON', '2024-11-25 14:16:30'),
(735, 1, '小型藥水', 'EPIC', '2024-11-25 14:16:30'),
(736, 1, '木劍', 'COMMON', '2024-11-25 14:16:30'),
(737, 1, '治療藥水', 'RARE', '2024-11-25 14:16:30'),
(738, 1, '木劍', 'COMMON', '2024-11-25 14:16:30'),
(739, 1, '稀有戒指', 'RARE', '2024-11-25 14:16:30'),
(740, 1, '稀有戒指', 'RARE', '2024-11-25 14:16:30'),
(741, 1, '皮革護甲', 'COMMON', '2024-11-25 14:16:30'),
(742, 1, '皮革護甲', 'COMMON', '2024-11-25 14:16:32'),
(743, 1, '皮革護甲', 'COMMON', '2024-11-25 14:16:32'),
(744, 1, '木劍', 'COMMON', '2024-11-25 14:16:32'),
(745, 1, '皮革護甲', 'COMMON', '2024-11-25 14:16:32'),
(746, 1, '史詩盔甲', 'EPIC', '2024-11-25 14:16:32'),
(747, 1, '皮革護甲', 'COMMON', '2024-11-25 14:16:32'),
(748, 1, '木劍', 'COMMON', '2024-11-25 14:16:32'),
(749, 1, '神秘寶石', 'LEGENDARY', '2024-11-25 14:16:32'),
(750, 1, '皮革護甲', 'COMMON', '2024-11-25 14:16:32'),
(751, 1, '治療藥水', 'RARE', '2024-11-25 14:16:32'),
(752, 1, '皮革護甲', 'COMMON', '2024-11-25 14:16:50'),
(753, 1, '木劍', 'COMMON', '2024-11-25 14:16:50'),
(754, 1, '測試', '神話', '2024-11-25 14:16:50'),
(755, 1, '木劍', 'COMMON', '2024-11-25 14:16:50'),
(756, 1, '測試', '神話', '2024-11-25 14:16:50'),
(757, 1, '皮革護甲', 'COMMON', '2024-11-25 14:16:50'),
(758, 1, '木劍', 'COMMON', '2024-11-25 14:16:50'),
(759, 1, '測試', '神話', '2024-11-25 14:16:50'),
(760, 1, '皮革護甲', 'COMMON', '2024-11-25 14:16:50'),
(761, 1, '治療藥水', 'RARE', '2024-11-25 14:16:50'),
(762, 1, '皮革護甲', 'COMMON', '2024-11-25 14:17:09'),
(763, 1, '小型藥水', 'EPIC', '2024-11-25 14:17:09'),
(764, 1, '稀有戒指', 'RARE', '2024-11-25 14:17:09'),
(765, 1, '稀有戒指', 'RARE', '2024-11-25 14:17:09'),
(766, 1, '稀有戒指', 'RARE', '2024-11-25 14:17:09'),
(767, 1, '治療藥水', 'RARE', '2024-11-25 14:17:09'),
(768, 1, '皮革護甲', 'COMMON', '2024-11-25 14:17:09'),
(769, 1, '皮革護甲', 'COMMON', '2024-11-25 14:17:09'),
(770, 1, '皮革護甲', 'COMMON', '2024-11-25 14:17:09'),
(771, 1, '木劍', 'COMMON', '2024-11-25 14:17:09'),
(772, 1, '木劍', 'COMMON', '2024-11-25 14:45:13'),
(773, 1, '治療藥水', 'RARE', '2024-11-25 14:45:13'),
(774, 1, '治療藥水', 'RARE', '2024-11-25 14:45:13'),
(775, 1, '皮革護甲', 'COMMON', '2024-11-25 14:45:13'),
(776, 1, '治療藥水', 'RARE', '2024-11-25 14:45:13'),
(777, 1, '木劍', 'COMMON', '2024-11-25 14:45:13'),
(778, 1, '史詩盔甲', 'EPIC', '2024-11-25 14:45:13'),
(779, 1, '符文護盾', 'EPIC', '2024-11-25 14:45:13'),
(780, 1, '符文護盾', 'EPIC', '2024-11-25 14:45:13'),
(781, 1, '木劍', 'COMMON', '2024-11-25 14:45:13'),
(782, 1, '稀有戒指', 'RARE', '2024-11-25 14:47:37'),
(783, 1, '稀有戒指', 'RARE', '2024-11-25 14:47:37'),
(784, 1, '治療藥水', 'RARE', '2024-11-25 14:47:37'),
(785, 1, '稀有戒指', 'RARE', '2024-11-25 14:47:37'),
(786, 1, '木劍', 'COMMON', '2024-11-25 14:47:37'),
(787, 1, '木劍', 'COMMON', '2024-11-25 14:47:37'),
(788, 1, '木劍', 'COMMON', '2024-11-25 14:47:37'),
(789, 1, '木劍', 'COMMON', '2024-11-25 14:47:37'),
(790, 1, '小型藥水', 'EPIC', '2024-11-25 14:47:37'),
(791, 1, '木劍', 'COMMON', '2024-11-25 14:47:37'),
(792, 1, '治療藥水', 'RARE', '2024-11-25 14:47:47'),
(793, 1, '稀有戒指', 'RARE', '2024-11-25 14:47:47'),
(794, 1, '皮革護甲', 'COMMON', '2024-11-25 14:47:47'),
(795, 1, '木劍', 'COMMON', '2024-11-25 14:47:47'),
(796, 1, '木劍', 'COMMON', '2024-11-25 14:47:47'),
(797, 1, '木劍', 'COMMON', '2024-11-25 14:47:47'),
(798, 1, '皮革護甲', 'COMMON', '2024-11-25 14:47:47'),
(799, 1, '稀有戒指', 'RARE', '2024-11-25 14:47:47'),
(800, 1, '魔法卷軸', 'LEGENDARY', '2024-11-25 14:47:47'),
(801, 1, '稀有戒指', 'RARE', '2024-11-25 14:47:47'),
(802, 1, '神秘寶石', 'LEGENDARY', '2024-11-25 14:48:07'),
(803, 1, '符文護盾', 'EPIC', '2024-11-25 14:48:55'),
(804, 1, '魔法法杖', 'EPIC', '2024-11-25 14:48:55'),
(805, 1, '木劍', 'COMMON', '2024-11-25 14:48:55'),
(806, 1, '皮革護甲', 'COMMON', '2024-11-25 14:48:55'),
(807, 1, '史詩盔甲', 'EPIC', '2024-11-25 14:48:55'),
(808, 1, '皮革護甲', 'COMMON', '2024-11-25 14:48:55'),
(809, 1, '小型藥水', 'EPIC', '2024-11-25 14:48:55'),
(810, 1, '木劍', 'COMMON', '2024-11-25 14:48:55'),
(811, 1, '稀有戒指', 'RARE', '2024-11-25 14:48:55'),
(812, 1, '木劍', 'COMMON', '2024-11-25 14:48:55'),
(813, 1, '皮革護甲', 'COMMON', '2024-11-25 14:49:47'),
(814, 1, '治療藥水', 'RARE', '2024-11-25 14:49:47'),
(815, 1, '木劍', 'COMMON', '2024-11-25 14:49:47'),
(816, 1, '木劍', 'COMMON', '2024-11-25 14:49:47'),
(817, 1, '皮革護甲', 'COMMON', '2024-11-25 14:49:47'),
(818, 1, '治療藥水', 'RARE', '2024-11-25 14:49:47'),
(819, 1, '稀有戒指', 'RARE', '2024-11-25 14:49:47'),
(820, 1, '木劍', 'COMMON', '2024-11-25 14:49:47'),
(821, 1, '稀有戒指', 'RARE', '2024-11-25 14:49:47'),
(822, 1, '稀有戒指', 'RARE', '2024-11-25 14:49:47'),
(823, 1, '皮革護甲', 'COMMON', '2024-11-25 14:50:00'),
(824, 1, '木劍', 'COMMON', '2024-11-25 14:52:28'),
(825, 1, '小型藥水', 'EPIC', '2024-11-25 14:53:06'),
(826, 1, '治療藥水', 'RARE', '2024-11-25 14:53:30'),
(827, 1, '木劍', 'COMMON', '2024-11-25 14:54:31'),
(828, 1, '木劍', 'COMMON', '2024-11-25 14:55:09'),
(829, 1, '稀有戒指', 'RARE', '2024-11-25 14:55:42'),
(830, 1, '木劍', 'COMMON', '2024-11-25 14:55:42'),
(831, 1, '符文護盾', 'EPIC', '2024-11-25 14:55:42'),
(832, 1, '木劍', 'COMMON', '2024-11-25 14:55:42'),
(833, 1, '木劍', 'COMMON', '2024-11-25 14:55:42'),
(834, 1, '木劍', 'COMMON', '2024-11-25 14:55:42'),
(835, 1, '皮革護甲', 'COMMON', '2024-11-25 14:55:42'),
(836, 1, '皮革護甲', 'COMMON', '2024-11-25 14:55:42'),
(837, 1, '木劍', 'COMMON', '2024-11-25 14:55:42'),
(838, 1, '皮革護甲', 'COMMON', '2024-11-25 14:55:42'),
(839, 1, '木劍', 'COMMON', '2024-11-25 14:56:31'),
(840, 1, '治療藥水', 'RARE', '2024-11-25 14:56:31'),
(841, 1, '木劍', 'COMMON', '2024-11-25 14:56:31'),
(842, 1, '木劍', 'COMMON', '2024-11-25 14:56:31'),
(843, 1, '治療藥水', 'RARE', '2024-11-25 14:56:31'),
(844, 1, '治療藥水', 'RARE', '2024-11-25 14:56:31'),
(845, 1, '木劍', 'COMMON', '2024-11-25 14:56:31'),
(846, 1, '木劍', 'COMMON', '2024-11-25 14:56:31'),
(847, 1, '皮革護甲', 'COMMON', '2024-11-25 14:56:31'),
(848, 1, '皮革護甲', 'COMMON', '2024-11-25 14:56:31'),
(849, 1, '皮革護甲', 'COMMON', '2024-11-25 14:56:35'),
(850, 1, '治療藥水', 'RARE', '2024-11-25 14:58:03'),
(851, 1, '小型藥水', 'EPIC', '2024-11-25 14:58:43'),
(852, 1, '符文護盾', 'EPIC', '2024-11-25 14:59:02'),
(853, 1, '稀有戒指', 'RARE', '2024-11-25 15:32:22'),
(854, 1, '木劍', 'COMMON', '2024-11-25 15:32:22'),
(855, 1, '史詩盔甲', 'EPIC', '2024-11-25 15:32:22'),
(856, 1, '木劍', 'COMMON', '2024-11-25 15:32:22'),
(857, 1, '稀有戒指', 'RARE', '2024-11-25 15:32:22'),
(858, 1, '皮革護甲', 'COMMON', '2024-11-25 15:32:22'),
(859, 1, '史詩盔甲', 'EPIC', '2024-11-25 15:32:22'),
(860, 1, '木劍', 'COMMON', '2024-11-25 15:32:22'),
(861, 1, '木劍', 'COMMON', '2024-11-25 15:32:22'),
(862, 1, '史詩盔甲', 'EPIC', '2024-11-25 15:32:22'),
(863, 1, '稀有戒指', 'RARE', '2024-11-25 16:23:41'),
(864, 1, '木劍', 'COMMON', '2024-11-25 16:23:49'),
(865, 1, '皮革護甲', 'COMMON', '2024-11-25 16:23:49'),
(866, 1, '皮革護甲', 'COMMON', '2024-11-25 16:23:49'),
(867, 1, '治療藥水', 'RARE', '2024-11-25 16:23:49'),
(868, 1, '木劍', 'COMMON', '2024-11-25 16:23:49'),
(869, 1, '魔法法杖', 'EPIC', '2024-11-25 16:24:00'),
(870, 1, '魔法卷軸', 'LEGENDARY', '2024-11-25 16:24:04'),
(871, 1, '皮革護甲', 'COMMON', '2024-11-25 16:24:13'),
(872, 1, '治療藥水', 'RARE', '2024-11-25 16:24:17'),
(873, 1, '皮革護甲', 'COMMON', '2024-11-25 16:24:20'),
(874, 1, '木劍', 'COMMON', '2024-11-25 16:24:26'),
(875, 1, '木劍', 'COMMON', '2024-11-25 16:24:26'),
(876, 1, '皮革護甲', 'COMMON', '2024-11-25 16:24:26'),
(877, 1, '皮革護甲', 'COMMON', '2024-11-25 16:24:26'),
(878, 1, '符文護盾', 'EPIC', '2024-11-25 16:24:26'),
(879, 1, '小型藥水', 'EPIC', '2024-11-25 16:24:31'),
(880, 1, '稀有戒指', 'RARE', '2024-11-25 16:24:36'),
(881, 1, '木劍', 'COMMON', '2024-11-25 16:25:10'),
(882, 1, '治療藥水', 'RARE', '2024-11-25 16:25:37'),
(883, 2, '皮革護甲', 'COMMON', '2024-11-25 17:05:32'),
(884, 2, '木劍', 'COMMON', '2024-11-25 17:05:32'),
(885, 2, '木劍', 'COMMON', '2024-11-25 17:05:32'),
(886, 2, '木劍', 'COMMON', '2024-11-25 17:05:32'),
(887, 2, '治療藥水', 'RARE', '2024-11-25 17:05:32'),
(888, 2, '小型藥水', 'EPIC', '2024-11-25 17:05:37'),
(889, 2, '木劍', 'COMMON', '2024-11-25 17:05:37'),
(890, 2, '傳說之劍', 'LEGENDARY', '2024-11-25 17:05:37'),
(891, 2, '皮革護甲', 'COMMON', '2024-11-25 17:05:37'),
(892, 2, '稀有戒指', 'RARE', '2024-11-25 17:05:37'),
(893, 2, '傳說之劍', 'LEGENDARY', '2024-11-25 17:05:37'),
(894, 2, '龍之心', 'LEGENDARY', '2024-11-25 17:05:37'),
(895, 2, '木劍', 'COMMON', '2024-11-25 17:05:37'),
(896, 2, '木劍', 'COMMON', '2024-11-25 17:05:37'),
(897, 2, '稀有戒指', 'RARE', '2024-11-25 17:05:37'),
(898, 2, '龍之心', 'LEGENDARY', '2024-11-25 17:05:41'),
(899, 2, '皮革護甲', 'COMMON', '2024-11-25 17:05:41'),
(900, 2, '皮革護甲', 'COMMON', '2024-11-25 17:05:41'),
(901, 2, '符文護盾', 'EPIC', '2024-11-25 17:05:41'),
(902, 2, '皮革護甲', 'COMMON', '2024-11-25 17:05:41'),
(903, 2, '稀有戒指', 'RARE', '2024-11-25 17:05:41'),
(904, 2, '皮革護甲', 'COMMON', '2024-11-25 17:05:41'),
(905, 2, '治療藥水', 'RARE', '2024-11-25 17:05:41'),
(906, 2, '皮革護甲', 'COMMON', '2024-11-25 17:05:41'),
(907, 2, '木劍', 'COMMON', '2024-11-25 17:05:41'),
(908, 2, '木劍', 'COMMON', '2024-11-25 17:05:44'),
(909, 2, '治療藥水', 'RARE', '2024-11-25 17:05:44'),
(910, 2, '皮革護甲', 'COMMON', '2024-11-25 17:05:44'),
(911, 2, '稀有戒指', 'RARE', '2024-11-25 17:05:44'),
(912, 2, '皮革護甲', 'COMMON', '2024-11-25 17:05:44'),
(913, 2, '皮革護甲', 'COMMON', '2024-11-25 17:05:44'),
(914, 2, '魔法法杖', 'EPIC', '2024-11-25 17:05:44'),
(915, 2, '木劍', 'COMMON', '2024-11-25 17:05:44'),
(916, 2, '治療藥水', 'RARE', '2024-11-25 17:05:44'),
(917, 2, '木劍', 'COMMON', '2024-11-25 17:05:44'),
(918, 2, '符文護盾', 'EPIC', '2024-11-25 17:05:47'),
(919, 2, '治療藥水', 'RARE', '2024-11-25 17:05:47'),
(920, 2, '治療藥水', 'RARE', '2024-11-25 17:05:47'),
(921, 2, '神秘寶石', 'LEGENDARY', '2024-11-25 17:05:47'),
(922, 2, '皮革護甲', 'COMMON', '2024-11-25 17:05:47'),
(923, 2, '稀有戒指', 'RARE', '2024-11-25 17:05:47'),
(924, 2, '稀有戒指', 'RARE', '2024-11-25 17:05:47'),
(925, 2, '皮革護甲', 'COMMON', '2024-11-25 17:05:47'),
(926, 2, '稀有戒指', 'RARE', '2024-11-25 17:05:47'),
(927, 2, '皮革護甲', 'COMMON', '2024-11-25 17:05:47'),
(928, 2, '稀有戒指', 'RARE', '2024-11-25 17:05:51'),
(929, 2, '史詩盔甲', 'EPIC', '2024-11-25 17:05:51'),
(930, 2, '木劍', 'COMMON', '2024-11-25 17:05:51'),
(931, 2, '魔法法杖', 'EPIC', '2024-11-25 17:05:51'),
(932, 2, '皮革護甲', 'COMMON', '2024-11-25 17:05:51'),
(933, 1, '稀有戒指', 'RARE', '2024-11-25 17:15:37');

-- --------------------------------------------------------

--
-- 資料表結構 `items`
--

CREATE TABLE `items` (
  `id` int(11) NOT NULL,
  `name` varchar(100) NOT NULL,
  `category` varchar(20) NOT NULL,
  `probability` decimal(5,4) DEFAULT NULL,
  `createdAt` datetime DEFAULT current_timestamp(),
  `updatedAt` datetime DEFAULT current_timestamp() ON UPDATE current_timestamp()
) ENGINE=InnoDB DEFAULT CHARSET=utf8mb4 COLLATE=utf8mb4_unicode_ci;

--
-- 傾印資料表的資料 `items`
--

INSERT INTO `items` (`id`, `name`, `category`, `probability`, `createdAt`, `updatedAt`) VALUES
(1, '傳說之劍', 'LEGENDARY', NULL, '2024-11-25 00:42:00', '2024-11-25 00:42:00'),
(2, '神秘寶石', 'LEGENDARY', NULL, '2024-11-25 00:42:00', '2024-11-25 00:42:00'),
(3, '龍之心', 'LEGENDARY', NULL, '2024-11-25 00:42:00', '2024-11-25 00:42:00'),
(4, '史詩盔甲', 'EPIC', NULL, '2024-11-25 00:42:00', '2024-11-25 00:42:00'),
(5, '魔法法杖', 'EPIC', NULL, '2024-11-25 00:42:00', '2024-11-25 00:42:00'),
(6, '符文護盾', 'EPIC', NULL, '2024-11-25 00:42:00', '2024-11-25 00:42:00'),
(7, '稀有戒指', 'RARE', NULL, '2024-11-25 00:42:00', '2024-11-25 00:42:00'),
(8, '魔法卷軸', 'LEGENDARY', NULL, '2024-11-25 00:42:00', '2024-11-25 13:08:44'),
(9, '治療藥水', 'RARE', NULL, '2024-11-25 00:42:00', '2024-11-25 00:42:00'),
(10, '木劍', 'COMMON', NULL, '2024-11-25 00:42:00', '2024-11-25 00:42:00'),
(11, '皮革護甲', 'COMMON', NULL, '2024-11-25 00:42:00', '2024-11-25 00:42:00'),
(12, '小型藥水', 'EPIC', NULL, '2024-11-25 00:42:00', '2024-11-25 13:08:39'),
(13, '測試', '神話', 0.0005, '2024-11-25 13:24:48', '2024-11-25 14:21:49');

-- --------------------------------------------------------

--
-- 資料表結構 `recharge_history`
--

CREATE TABLE `recharge_history` (
  `id` int(11) NOT NULL,
  `user_id` int(11) NOT NULL,
  `option_id` int(11) NOT NULL,
  `amount` decimal(10,2) NOT NULL,
  `tokens` int(11) NOT NULL,
  `bonus_tokens` int(11) DEFAULT 0,
  `created_at` timestamp NOT NULL DEFAULT current_timestamp()
) ENGINE=InnoDB DEFAULT CHARSET=utf8mb4 COLLATE=utf8mb4_unicode_ci;

--
-- 傾印資料表的資料 `recharge_history`
--

INSERT INTO `recharge_history` (`id`, `user_id`, `option_id`, `amount`, `tokens`, `bonus_tokens`, `created_at`) VALUES
(1, 1, 2, 5.00, 50, 0, '2024-11-25 05:37:05'),
(2, 1, 2, 5.00, 50, 0, '2024-11-25 05:37:14');

-- --------------------------------------------------------

--
-- 資料表結構 `recharge_options`
--

CREATE TABLE `recharge_options` (
  `id` int(11) NOT NULL,
  `tokens` int(11) NOT NULL,
  `price` decimal(10,2) NOT NULL,
  `bonus_tokens` int(11) DEFAULT 0,
  `active` tinyint(1) DEFAULT 1,
  `created_at` timestamp NOT NULL DEFAULT current_timestamp()
) ENGINE=InnoDB DEFAULT CHARSET=utf8mb4 COLLATE=utf8mb4_unicode_ci;

--
-- 傾印資料表的資料 `recharge_options`
--

INSERT INTO `recharge_options` (`id`, `tokens`, `price`, `bonus_tokens`, `active`, `created_at`) VALUES
(2, 50, 5.00, 0, 1, '2024-11-25 04:58:54');

-- --------------------------------------------------------

--
-- 資料表結構 `recharge_orders`
--

CREATE TABLE `recharge_orders` (
  `id` int(11) NOT NULL,
  `user_id` int(11) NOT NULL,
  `option_id` int(11) NOT NULL,
  `paypal_order_id` varchar(255) NOT NULL,
  `amount` decimal(10,2) NOT NULL,
  `status` enum('pending','completed','failed') NOT NULL,
  `created_at` timestamp NOT NULL DEFAULT current_timestamp(),
  `completed_at` timestamp NULL DEFAULT NULL
) ENGINE=InnoDB DEFAULT CHARSET=utf8mb4 COLLATE=utf8mb4_unicode_ci;

-- --------------------------------------------------------

--
-- 資料表結構 `tasks`
--

CREATE TABLE `tasks` (
  `id` int(11) NOT NULL,
  `name` varchar(255) NOT NULL,
  `description` text DEFAULT NULL,
  `reward_tokens` int(11) NOT NULL,
  `type` enum('daily','monthly','one_time') NOT NULL,
  `url` varchar(255) DEFAULT NULL,
  `created_at` timestamp NOT NULL DEFAULT current_timestamp(),
  `active` tinyint(1) DEFAULT 1,
  `deleted_at` timestamp NULL DEFAULT NULL,
  `reset_time` time DEFAULT '00:00:00'
) ENGINE=InnoDB DEFAULT CHARSET=utf8mb4 COLLATE=utf8mb4_unicode_ci;

--
-- 傾印資料表的資料 `tasks`
--

INSERT INTO `tasks` (`id`, `name`, `description`, `reward_tokens`, `type`, `url`, `created_at`, `active`, `deleted_at`, `reset_time`) VALUES
(13, '查看網址', '點擊後，遊覽網頁', 999, 'daily', 'https://pinstudios.rr.nu', '2024-11-25 04:43:03', 1, NULL, '08:00:00'),
(15, '測試', '測試', 45, 'daily', '', '2024-11-25 04:48:15', 1, NULL, '00:00:00');

-- --------------------------------------------------------

--
-- 資料表結構 `users`
--

CREATE TABLE `users` (
  `id` int(11) NOT NULL,
  `username` varchar(50) NOT NULL,
  `password` varchar(255) NOT NULL,
  `tokens` int(11) DEFAULT 0,
  `lastClaim` datetime DEFAULT NULL,
  `createdAt` datetime DEFAULT current_timestamp(),
  `updatedAt` datetime DEFAULT current_timestamp() ON UPDATE current_timestamp()
) ENGINE=InnoDB DEFAULT CHARSET=utf8mb4 COLLATE=utf8mb4_unicode_ci;

--
-- 傾印資料表的資料 `users`
--

INSERT INTO `users` (`id`, `username`, `password`, `tokens`, `lastClaim`, `createdAt`, `updatedAt`) VALUES
(1, 'test', '$2y$10$HYu2uILOgB3ze35IFUSU9u2Wj4vLe0TgYy/N2vvotCX5WWZrSPfke', 19046, '2024-11-25 10:33:52', '2024-11-24 23:49:32', '2024-11-25 17:15:37'),
(2, 'test2', '$2y$10$0M69gcL3R2vtPSHruOGMkebnBQX5b8NrrobmOnvd7U3Fm0nP0oi2u', 999, '2024-11-25 17:05:23', '2024-11-25 17:05:16', '2024-11-25 17:11:27');

-- --------------------------------------------------------

--
-- 資料表結構 `user_task_completions`
--

CREATE TABLE `user_task_completions` (
  `id` int(11) NOT NULL,
  `user_id` int(11) NOT NULL,
  `task_id` int(11) NOT NULL,
  `completed_at` timestamp NOT NULL DEFAULT current_timestamp()
) ENGINE=InnoDB DEFAULT CHARSET=utf8mb4 COLLATE=utf8mb4_unicode_ci;

--
-- 傾印資料表的資料 `user_task_completions`
--

INSERT INTO `user_task_completions` (`id`, `user_id`, `task_id`, `completed_at`) VALUES
(35, 1, 15, '2024-11-25 08:48:44'),
(36, 1, 13, '2024-11-25 08:48:51'),
(37, 2, 15, '2024-11-25 09:05:26'),
(38, 2, 13, '2024-11-25 09:11:27');

--
-- 已傾印資料表的索引
--

--
-- 資料表索引 `admins`
--
ALTER TABLE `admins`
  ADD PRIMARY KEY (`id`),
  ADD UNIQUE KEY `username` (`username`);

--
-- 資料表索引 `categories`
--
ALTER TABLE `categories`
  ADD PRIMARY KEY (`id`),
  ADD UNIQUE KEY `name` (`name`);

--
-- 資料表索引 `draw_history`
--
ALTER TABLE `draw_history`
  ADD PRIMARY KEY (`id`),
  ADD KEY `userId` (`userId`);

--
-- 資料表索引 `items`
--
ALTER TABLE `items`
  ADD PRIMARY KEY (`id`);

--
-- 資料表索引 `recharge_history`
--
ALTER TABLE `recharge_history`
  ADD PRIMARY KEY (`id`),
  ADD KEY `user_id` (`user_id`),
  ADD KEY `option_id` (`option_id`);

--
-- 資料表索引 `recharge_options`
--
ALTER TABLE `recharge_options`
  ADD PRIMARY KEY (`id`);

--
-- 資料表索引 `recharge_orders`
--
ALTER TABLE `recharge_orders`
  ADD PRIMARY KEY (`id`),
  ADD KEY `user_id` (`user_id`),
  ADD KEY `option_id` (`option_id`);

--
-- 資料表索引 `tasks`
--
ALTER TABLE `tasks`
  ADD PRIMARY KEY (`id`);

--
-- 資料表索引 `users`
--
ALTER TABLE `users`
  ADD PRIMARY KEY (`id`),
  ADD UNIQUE KEY `username` (`username`);

--
-- 資料表索引 `user_task_completions`
--
ALTER TABLE `user_task_completions`
  ADD PRIMARY KEY (`id`),
  ADD KEY `user_id` (`user_id`),
  ADD KEY `task_id` (`task_id`);

--
-- 在傾印的資料表使用自動遞增(AUTO_INCREMENT)
--

--
-- 使用資料表自動遞增(AUTO_INCREMENT) `admins`
--
ALTER TABLE `admins`
  MODIFY `id` int(11) NOT NULL AUTO_INCREMENT, AUTO_INCREMENT=2;

--
-- 使用資料表自動遞增(AUTO_INCREMENT) `categories`
--
ALTER TABLE `categories`
  MODIFY `id` int(11) NOT NULL AUTO_INCREMENT, AUTO_INCREMENT=6;

--
-- 使用資料表自動遞增(AUTO_INCREMENT) `draw_history`
--
ALTER TABLE `draw_history`
  MODIFY `id` int(11) NOT NULL AUTO_INCREMENT, AUTO_INCREMENT=934;

--
-- 使用資料表自動遞增(AUTO_INCREMENT) `items`
--
ALTER TABLE `items`
  MODIFY `id` int(11) NOT NULL AUTO_INCREMENT, AUTO_INCREMENT=14;

--
-- 使用資料表自動遞增(AUTO_INCREMENT) `recharge_history`
--
ALTER TABLE `recharge_history`
  MODIFY `id` int(11) NOT NULL AUTO_INCREMENT, AUTO_INCREMENT=3;

--
-- 使用資料表自動遞增(AUTO_INCREMENT) `recharge_options`
--
ALTER TABLE `recharge_options`
  MODIFY `id` int(11) NOT NULL AUTO_INCREMENT, AUTO_INCREMENT=3;

--
-- 使用資料表自動遞增(AUTO_INCREMENT) `recharge_orders`
--
ALTER TABLE `recharge_orders`
  MODIFY `id` int(11) NOT NULL AUTO_INCREMENT;

--
-- 使用資料表自動遞增(AUTO_INCREMENT) `tasks`
--
ALTER TABLE `tasks`
  MODIFY `id` int(11) NOT NULL AUTO_INCREMENT, AUTO_INCREMENT=16;

--
-- 使用資料表自動遞增(AUTO_INCREMENT) `users`
--
ALTER TABLE `users`
  MODIFY `id` int(11) NOT NULL AUTO_INCREMENT, AUTO_INCREMENT=3;

--
-- 使用資料表自動遞增(AUTO_INCREMENT) `user_task_completions`
--
ALTER TABLE `user_task_completions`
  MODIFY `id` int(11) NOT NULL AUTO_INCREMENT, AUTO_INCREMENT=39;

--
-- 已傾印資料表的限制式
--

--
-- 資料表的限制式 `draw_history`
--
ALTER TABLE `draw_history`
  ADD CONSTRAINT `draw_history_ibfk_1` FOREIGN KEY (`userId`) REFERENCES `users` (`id`);

--
-- 資料表的限制式 `recharge_history`
--
ALTER TABLE `recharge_history`
  ADD CONSTRAINT `recharge_history_ibfk_1` FOREIGN KEY (`user_id`) REFERENCES `users` (`id`),
  ADD CONSTRAINT `recharge_history_ibfk_2` FOREIGN KEY (`option_id`) REFERENCES `recharge_options` (`id`);

--
-- 資料表的限制式 `recharge_orders`
--
ALTER TABLE `recharge_orders`
  ADD CONSTRAINT `recharge_orders_ibfk_1` FOREIGN KEY (`user_id`) REFERENCES `users` (`id`),
  ADD CONSTRAINT `recharge_orders_ibfk_2` FOREIGN KEY (`option_id`) REFERENCES `recharge_options` (`id`);

--
-- 資料表的限制式 `user_task_completions`
--
ALTER TABLE `user_task_completions`
  ADD CONSTRAINT `user_task_completions_ibfk_1` FOREIGN KEY (`user_id`) REFERENCES `users` (`id`),
  ADD CONSTRAINT `user_task_completions_ibfk_2` FOREIGN KEY (`task_id`) REFERENCES `tasks` (`id`);
COMMIT;

/*!40101 SET CHARACTER_SET_CLIENT=@OLD_CHARACTER_SET_CLIENT */;
/*!40101 SET CHARACTER_SET_RESULTS=@OLD_CHARACTER_SET_RESULTS */;
/*!40101 SET COLLATION_CONNECTION=@OLD_COLLATION_CONNECTION */;
